target,model,budget,variant,fwhm_nm,input_features,effective_channels,r2_mean,r2_std,rmse_mean,rmse_std,rpd_mean,rpd_std,train_seconds_mean,raw_r2_mean,delta_r2_vs_raw
LAI,BeamK20_ResidualMLP,20,gaussian_fwhm10,10.0,20,20,0.5777124365170797,0.007284378616666597,1.1478211851615054,0.009923452046725942,1.5416804552078247,0.013390887934077498,9.043689249999943,0.5762436787287394,0.0014687577883403247
LAI,BeamK20_ResidualMLP,20,gaussian_fwhm20,20.0,20,20,0.5754852096239725,0.0134905589128504,1.1507765350901609,0.018230048309590536,1.5378998120625813,0.024210140309352087,9.09871329699998,0.5762436787287394,-0.0007584691047668457
LAI,BeamK20_ResidualMLP,20,merged_gaussian_fwhm10,10.0,15,15,0.549072782198588,0.036819821938996876,1.1854724844382376,0.048548260971357116,1.4943195184071858,0.06149535014986632,7.740574766666668,0.5762436787287394,-0.027170896530151367
LAI,BeamK20_ResidualMLP,20,merged_gaussian_fwhm20,20.0,12,12,0.5651470820109049,0.011903328181502186,1.164729340385481,0.015936933238025083,1.5194136301676433,0.020776033388607243,8.944793986333329,0.5762436787287394,-0.011096596717834473
LAI,BeamK20_ResidualMLP,20,raw_nm,,20,20,0.5762436787287394,0.004982281566880811,1.1498309616324132,0.006771184098818707,1.538944403330485,0.009093496365309876,8.481205857,0.5762436787287394,0.0
anth,BeamK20_ResidualMLP,20,gaussian_fwhm10,10.0,20,20,0.6324528257052103,0.08659614908027341,0.2610218999385372,0.030203629385297137,1.6825507084528606,0.18518260911604156,1.3886392996667685,0.6358300050099691,-0.0033771793047587817
anth,BeamK20_ResidualMLP,20,gaussian_fwhm20,20.0,20,20,0.6240866780281067,0.08666409993103148,0.2640290528336397,0.02984829386463973,1.6627010504404705,0.17822743753641296,1.3971376156666035,0.6358300050099691,-0.011743326981862423
anth,BeamK20_ResidualMLP,20,merged_gaussian_fwhm10,10.0,15,15,0.6233084599177042,0.06517292774544041,0.26477370875517187,0.02277212489824289,1.652636170387268,0.13963247792476557,1.368535710666644,0.6358300050099691,-0.012521545092264885
anth,BeamK20_ResidualMLP,20,merged_gaussian_fwhm20,20.0,12,12,0.63230828444163,0.06722378683509254,0.26151295778958444,0.023830847569120114,1.6742838223775227,0.15062235988690978,1.278066818999984,0.6358300050099691,-0.003521720568339104
anth,BeamK20_ResidualMLP,20,raw_nm,,20,20,0.6358300050099691,0.08689792434863336,0.2597896002063374,0.030455189723931294,1.6909186045328777,0.18862161962059087,1.3507529973333778,0.6358300050099691,0.0
cab,BeamK20_ResidualMLP,20,gaussian_fwhm10,10.0,20,20,0.5784334937731425,0.010318088137058383,8.803127120009458,0.10771556173356336,1.5423431396484375,0.018864711558548342,7.656940817666737,0.5607546170552572,0.01767887671788526
cab,BeamK20_ResidualMLP,20,gaussian_fwhm20,20.0,20,20,0.5710199276606241,0.012187702956010116,8.880037852767465,0.12643982201930185,1.529039780298869,0.02186934655709482,6.476457291333342,0.5607546170552572,0.01026531060536695
cab,BeamK20_ResidualMLP,20,merged_gaussian_fwhm10,10.0,18,18,0.5566732287406921,0.018022742018446954,9.026661662116142,0.1844149925654415,1.5044214725494385,0.031034626420020542,9.433974547333264,0.5607546170552572,-0.00408138831456506
cab,BeamK20_ResidualMLP,20,merged_gaussian_fwhm20,20.0,16,16,0.5519229769706726,0.01725673055351822,9.075044472902077,0.17395055690851607,1.4963432947794597,0.02840726421742633,7.404237185333234,0.5607546170552572,-0.008831640084584591
cab,BeamK20_ResidualMLP,20,raw_nm,,20,20,0.5607546170552572,0.004775833794291524,8.986175985270897,0.04885479954999229,1.5108044942220051,0.008214362588417182,8.352450004666784,0.5607546170552572,0.0
car,BeamK20_ResidualMLP,20,gaussian_fwhm10,10.0,20,20,0.508623480796814,0.018784579495779132,2.0070062852979422,0.038584174985252774,1.4293009837468464,0.02778387541728643,3.9548104956666066,0.5053670803705851,0.003256400426228878
car,BeamK20_ResidualMLP,20,gaussian_fwhm20,20.0,20,20,0.5089996655782064,0.01729698950010309,2.00627621222741,0.03545211725387026,1.4297643502553303,0.025420030494924462,4.127687016666793,0.5053670803705851,0.0036325852076213305
car,BeamK20_ResidualMLP,20,merged_gaussian_fwhm10,10.0,14,14,0.4971567988395691,0.03090884520745437,2.029910147901364,0.06188286112615703,1.4136826197306316,0.04235334818962976,3.3970997320002425,0.5053670803705851,-0.008210281531015995
car,BeamK20_ResidualMLP,20,merged_gaussian_fwhm20,20.0,13,13,0.5142399867375692,0.02763134998820874,1.9952019783818498,0.05722029597103999,1.4381999969482422,0.04189713144743875,6.627197215666759,0.5053670803705851,0.008872906366984123
car,BeamK20_ResidualMLP,20,raw_nm,,20,20,0.5053670803705851,0.023870455247828666,2.0134987313746833,0.04884618717645165,1.424902041753133,0.03491979892521272,3.3798063913332044,0.5053670803705851,0.0
cbc,BeamK20_ResidualMLP,20,gaussian_fwhm10,10.0,20,20,0.7110969225565592,0.022158190918894066,0.0034316342265321514,0.00013088975296033888,1.8648431301116943,0.07027076918738061,11.563412040666586,0.7112007737159729,-0.0001038511594136926
cbc,BeamK20_ResidualMLP,20,gaussian_fwhm20,20.0,20,20,0.7107755740483602,0.02091567715835463,0.0034337275174910024,0.00012346683906436765,1.863507072130839,0.06618251751931449,11.675757445666704,0.7112007737159729,-0.0004251996676126746
cbc,BeamK20_ResidualMLP,20,merged_gaussian_fwhm10,10.0,18,18,0.7103487253189087,0.01576157161010882,0.003436886784734534,9.385020968692897e-05,1.8611405690511067,0.051160320658959535,10.994553244666728,0.7112007737159729,-0.000852048397064209
cbc,BeamK20_ResidualMLP,20,merged_gaussian_fwhm20,20.0,17,17,0.7074694832166036,0.0105701470340717,0.003454411529931025,6.21990798039042e-05,1.8511694272359211,0.03309616271710713,13.062996547000012,0.7112007737159729,-0.0037312904993692664
cbc,BeamK20_ResidualMLP,20,raw_nm,,20,20,0.7112007737159729,0.02242542693665902,0.0034309757921041077,0.00013250005847994405,1.8652462164560955,0.0711729129015932,11.48495285966654,0.7112007737159729,0.0
cm,BeamK20_ResidualMLP,20,gaussian_fwhm10,10.0,20,20,0.671347459157308,0.03499962241204032,0.0036295621616026503,0.0001912136490233178,1.7503019173940022,0.08999150150054784,9.351573561333225,0.6690819462140402,0.0022655129432678223
cm,BeamK20_ResidualMLP,20,gaussian_fwhm20,20.0,20,20,0.6710364818572998,0.03402804844491681,0.003631461324076251,0.00018603347339275,1.749221682548523,0.08767340736629652,9.736183745666645,0.6690819462140402,0.0019545356432596472
cm,BeamK20_ResidualMLP,20,merged_gaussian_fwhm10,10.0,16,16,0.6628048618634542,0.015069859870838935,0.00367921580329755,8.236257614424212e-05,1.7241406440734863,0.03871982852908186,8.637387394666652,0.6690819462140402,-0.0062770843505859375
cm,BeamK20_ResidualMLP,20,merged_gaussian_fwhm20,20.0,13,13,0.6614857117335001,0.013438502766074039,0.003686533240960592,7.346541765698796e-05,1.720600684483846,0.034547978136749764,10.49779904333324,0.6690819462140402,-0.007596234480540032
cm,BeamK20_ResidualMLP,20,raw_nm,,20,20,0.6690819462140402,0.03994653740554679,0.0036411111470092627,0.0002169716938473225,1.7456111510594685,0.10098040489307658,9.205851830999942,0.6690819462140402,0.0
cp,BeamK20_ResidualMLP,20,gaussian_fwhm10,10.0,20,20,0.6659601330757141,0.015501091490015738,0.00025473613834102026,5.9416476744070975e-06,1.7327276865641277,0.04081989056555488,15.321175775333282,0.6696855227152506,-0.0037253896395365027
cp,BeamK20_ResidualMLP,20,gaussian_fwhm20,20.0,20,20,0.654075543085734,0.010280179211159332,0.00025925591035814733,3.861826662631348e-06,1.702149232228597,0.02547581561446454,10.785006850333275,0.6696855227152506,-0.015609979629516602
cp,BeamK20_ResidualMLP,20,merged_gaussian_fwhm10,10.0,19,19,0.6551109751065572,0.00195792355866071,0.0002588860666814382,7.34993440908441e-07,1.7043368021647136,0.004840779268650273,12.178475491666708,0.6696855227152506,-0.014574547608693367
cp,BeamK20_ResidualMLP,20,merged_gaussian_fwhm20,20.0,15,15,0.6579475800196329,0.008743837134429226,0.0002578059326076765,3.2898377085792416e-06,1.711653510729472,0.021768944703524456,11.605768047333413,0.6696855227152506,-0.011737942695617676
cp,BeamK20_ResidualMLP,20,raw_nm,,20,20,0.6696855227152506,0.014315297585493762,0.0002533174410353938,5.5255246037310626e-06,1.7423531611760457,0.038487557160574414,14.189463539333323,0.6696855227152506,0.0
cw,BeamK20_ResidualMLP,20,gaussian_fwhm10,10.0,20,20,0.6729365189870199,0.02004467325412375,0.005138288417949042,0.00015634742787899405,1.7522449096043904,0.05251495003529836,12.031797408333356,0.6739627917607626,-0.0010262727737426758
cw,BeamK20_ResidualMLP,20,gaussian_fwhm20,20.0,20,20,0.6652012666066488,0.01948817970397297,0.005198818203723854,0.00015200172856281094,1.7317858934402466,0.051061125838663284,12.261486712000002,0.6739627917607626,-0.00876152515411377
cw,BeamK20_ResidualMLP,20,merged_gaussian_fwhm10,10.0,13,13,0.6747408906618754,0.01335188063417548,0.005124963471444244,0.00010468879289673103,1.7562164068222046,0.035517268107548086,11.043328375333354,0.6739627917607626,0.0007780989011128003
cw,BeamK20_ResidualMLP,20,merged_gaussian_fwhm20,20.0,12,12,0.6645299792289734,0.012013361117235775,0.005204956910574173,9.294304891619334e-05,1.7291148900985718,0.030699862876748054,11.06603934399997,0.6739627917607626,-0.009432812531789181
cw,BeamK20_ResidualMLP,20,raw_nm,,20,20,0.6739627917607626,0.020318710098238754,0.005130168014593575,0.00015866447202641357,1.755052884419759,0.053413684046396265,12.144668786000011,0.6739627917607626,0.0
