target,heldout_dataset,model,model_key,mean_r2,mean_rmse,mean_rpd,n_runs
LAI,2,Hybrid_BeamK30_SSL_CrossGatedFusion,hybrid_cross_gated_mlp,-0.7053913275400797,2.0212570267737755,0.7668864329655966,3
LAI,2,BeamK30_ResidualMLP,labelled_residual,-0.6859005292256674,2.00931829940723,0.7717153032620748,3
LAI,2,Hybrid_BeamK30_SSL_CrossGatedDCNHead,hybrid_cross_gated_dcn,-0.6590396960576376,1.9921688500715096,0.7791757384936014,3
LAI,2,Hybrid_BeamK30_SSL_CrossGatedNAMHead,hybrid_cross_gated_nam,-0.5281719366709391,1.9133288020457997,0.8101680477460226,3
LAI,16,BeamK30_ResidualMLP,labelled_residual,-0.3749055465062459,2.4424342605579437,0.8575995961825053,3
LAI,16,Hybrid_BeamK30_SSL_CrossGatedDCNHead,hybrid_cross_gated_dcn,-0.2485002279281616,2.3253853819928487,0.902409553527832,3
LAI,19,Hybrid_BeamK30_SSL_CrossGatedFusion,hybrid_cross_gated_mlp,-0.19713077942530313,1.1444738622493251,0.9265880187352499,3
LAI,16,Hybrid_BeamK30_SSL_CrossGatedFusion,hybrid_cross_gated_mlp,-0.16565724213918046,2.2482676545627513,0.9322048425674438,3
LAI,29,BeamK30_ResidualMLP,labelled_residual,-0.15231406688690183,1.8560280605392914,0.9359994133313497,3
LAI,29,Hybrid_BeamK30_SSL_CrossGatedFusion,hybrid_cross_gated_mlp,-0.14996169010798133,1.851312925191432,0.9412751793861389,3
LAI,29,Hybrid_BeamK30_SSL_CrossGatedDCNHead,hybrid_cross_gated_dcn,-0.11212813854217529,1.8224333707292744,0.954256018002828,3
LAI,19,Hybrid_BeamK30_SSL_CrossGatedDCNHead,hybrid_cross_gated_dcn,-0.09475584824879962,1.0928800962869079,0.9732668797175089,3
LAI,29,Hybrid_BeamK30_SSL_CrossGatedNAMHead,hybrid_cross_gated_nam,-0.06307431062062581,1.7828774930257483,0.9742374221483866,3
LAI,16,Hybrid_BeamK30_SSL_CrossGatedNAMHead,hybrid_cross_gated_nam,-0.059872786204020166,2.1445318519505965,0.9766454497973124,3
LAI,19,Hybrid_BeamK30_SSL_CrossGatedNAMHead,hybrid_cross_gated_nam,0.07687795162200926,1.006597636100693,1.0500716368357341,3
LAI,19,BeamK30_ResidualMLP,labelled_residual,0.17726953824361166,0.9458797557375597,1.128254493077596,3
LAI,13,BeamK30_ResidualMLP,labelled_residual,0.26154683033625276,1.6394281381118685,1.196731170018514,3
LAI,13,Hybrid_BeamK30_SSL_CrossGatedFusion,hybrid_cross_gated_mlp,0.35847264528274536,1.538715401486814,1.257150928179423,3
LAI,13,Hybrid_BeamK30_SSL_CrossGatedDCNHead,hybrid_cross_gated_dcn,0.5115717252095541,1.3378365746264829,1.456275741259257,3
LAI,13,Hybrid_BeamK30_SSL_CrossGatedNAMHead,hybrid_cross_gated_nam,0.5172653992970785,1.33612432449677,1.4449798266092937,3
cab,47,Hybrid_BeamK30_SSL_CrossGatedNAMHead,hybrid_cross_gated_nam,-0.46833566824595135,11.476181715056052,0.8325339754422506,3
cab,47,Hybrid_BeamK30_SSL_CrossGatedDCNHead,hybrid_cross_gated_dcn,-0.4409436782201131,11.389187817333939,0.8357943495114645,3
cab,35,Hybrid_BeamK30_SSL_CrossGatedFusion,hybrid_cross_gated_mlp,-0.33942540486653644,12.783149579751855,0.8701203068097433,3
cab,47,Hybrid_BeamK30_SSL_CrossGatedFusion,hybrid_cross_gated_mlp,-0.1854925950368245,10.326035976750774,0.9226248264312744,3
cab,4,BeamK30_ResidualMLP,labelled_residual,-0.1414654652277628,8.807858525205313,0.9418682058652242,3
cab,37,Hybrid_BeamK30_SSL_CrossGatedDCNHead,hybrid_cross_gated_dcn,-0.12680407365163163,11.660672746053011,0.9450136025746664,3
cab,4,Hybrid_BeamK30_SSL_CrossGatedNAMHead,hybrid_cross_gated_nam,-0.12375652790069576,8.742144198197977,0.9483306407928467,3
cab,35,BeamK30_ResidualMLP,labelled_residual,-0.0913706223169962,11.547511906313673,0.9617830514907837,3
cab,47,BeamK30_ResidualMLP,labelled_residual,-0.07778475681940714,9.846061542039974,0.9675559202829996,3
cab,37,BeamK30_ResidualMLP,labelled_residual,-0.02629043658574423,11.11260287267941,0.9943459431330363,3
cab,4,Hybrid_BeamK30_SSL_CrossGatedDCNHead,hybrid_cross_gated_dcn,-0.0014140208562214984,8.255373506458916,1.0035171310106914,3
cab,37,Hybrid_BeamK30_SSL_CrossGatedFusion,hybrid_cross_gated_mlp,0.0109922091166178,10.925609338444437,1.0083781083424885,3
cab,4,Hybrid_BeamK30_SSL_CrossGatedFusion,hybrid_cross_gated_mlp,0.013957083225250232,8.190667881821424,1.011704425017039,3
cab,35,Hybrid_BeamK30_SSL_CrossGatedDCNHead,hybrid_cross_gated_dcn,0.0333927273750305,10.829728273518837,1.0329911311467488,3
cab,35,Hybrid_BeamK30_SSL_CrossGatedNAMHead,hybrid_cross_gated_nam,0.0404260953267415,10.82294692882033,1.027166744073232,3
cab,37,Hybrid_BeamK30_SSL_CrossGatedNAMHead,hybrid_cross_gated_nam,0.0499326785405477,10.704546099813689,1.0299392541249592,3
cab,2,Hybrid_BeamK30_SSL_CrossGatedDCNHead,hybrid_cross_gated_dcn,0.3369825482368469,9.6499898111464,1.2310566504796345,3
cab,2,BeamK30_ResidualMLP,labelled_residual,0.3393813172976176,9.634509039540513,1.2325116395950317,3
cab,2,Hybrid_BeamK30_SSL_CrossGatedFusion,hybrid_cross_gated_mlp,0.3469381332397461,9.574061171311142,1.2416142225265503,3
cab,2,Hybrid_BeamK30_SSL_CrossGatedNAMHead,hybrid_cross_gated_nam,0.37140854199727374,9.397600782106602,1.263709545135498,3
car,4,Hybrid_BeamK30_SSL_CrossGatedDCNHead,hybrid_cross_gated_dcn,-4.425622304280599,2.824159876779124,0.4313535690307617,3
car,4,Hybrid_BeamK30_SSL_CrossGatedFusion,hybrid_cross_gated_mlp,-4.348559061686198,2.8042219999989584,0.4343644082546234,3
car,4,BeamK30_ResidualMLP,labelled_residual,-4.146680037180583,2.7504882261019965,0.4429266949494679,3
car,4,Hybrid_BeamK30_SSL_CrossGatedNAMHead,hybrid_cross_gated_nam,-4.055566151936849,2.7263003127238847,0.44678258895874023,3
car,2,Hybrid_BeamK30_SSL_CrossGatedDCNHead,hybrid_cross_gated_dcn,-2.03210441271464,2.74282054778341,0.5771703720092773,3
car,2,Hybrid_BeamK30_SSL_CrossGatedFusion,hybrid_cross_gated_mlp,-1.8456509113311768,2.654476519389258,0.5975668430328369,3
car,2,Hybrid_BeamK30_SSL_CrossGatedNAMHead,hybrid_cross_gated_nam,-1.7191809813181556,2.5951777655242068,0.6111982464790344,3
car,2,BeamK30_ResidualMLP,labelled_residual,-1.5291414260864258,2.507241599483192,0.6302804946899414,3
car,47,Hybrid_BeamK30_SSL_CrossGatedNAMHead,hybrid_cross_gated_nam,-1.2068397998809814,2.0192865888635025,0.6894776622454325,3
car,47,Hybrid_BeamK30_SSL_CrossGatedDCNHead,hybrid_cross_gated_dcn,-1.2012100617090862,2.020518068803473,0.6861669023831686,3
car,35,Hybrid_BeamK30_SSL_CrossGatedFusion,hybrid_cross_gated_mlp,-1.1957542498906453,2.5756686680719962,0.6794805526733398,3
car,47,Hybrid_BeamK30_SSL_CrossGatedFusion,hybrid_cross_gated_mlp,-1.1289226214090984,1.9749386422778301,0.7101284861564636,3
car,47,BeamK30_ResidualMLP,labelled_residual,-1.1243099768956502,1.9928234155922804,0.6903181473414103,3
car,35,BeamK30_ResidualMLP,labelled_residual,-0.9560919602711996,2.397532686952037,0.748766819636027,3
car,35,Hybrid_BeamK30_SSL_CrossGatedDCNHead,hybrid_cross_gated_dcn,-0.7947280009587606,2.3106021622156825,0.7708523869514465,3
car,35,Hybrid_BeamK30_SSL_CrossGatedNAMHead,hybrid_cross_gated_nam,-0.7698556184768677,2.31135387295609,0.757921834786733,3
car,37,Hybrid_BeamK30_SSL_CrossGatedFusion,hybrid_cross_gated_mlp,-0.3984529972076416,2.9333829276924477,0.849964956442515,3
car,37,Hybrid_BeamK30_SSL_CrossGatedNAMHead,hybrid_cross_gated_nam,-0.25221538543701166,2.776640137630191,0.8973456422487894,3
car,37,BeamK30_ResidualMLP,labelled_residual,-0.200384775797526,2.7185461276070177,0.9165559013684591,3
car,37,Hybrid_BeamK30_SSL_CrossGatedDCNHead,hybrid_cross_gated_dcn,-0.17439989248911536,2.6895162565269985,0.9260652263959247,3
cbc,13,Hybrid_BeamK30_SSL_CrossGatedDCNHead,hybrid_cross_gated_dcn,-3.052988370259603,0.004240807454236967,0.504736085732778,3
cbc,13,Hybrid_BeamK30_SSL_CrossGatedNAMHead,hybrid_cross_gated_nam,-2.886317571004232,0.0041636168038276,0.5110207994778951,3
cbc,13,Hybrid_BeamK30_SSL_CrossGatedFusion,hybrid_cross_gated_mlp,-2.576188802719116,0.0039915850020402,0.533661812543869,3
cbc,4,Hybrid_BeamK30_SSL_CrossGatedFusion,hybrid_cross_gated_mlp,-2.181303024291992,0.0020433596037698,0.5676734646161398,3
cbc,4,Hybrid_BeamK30_SSL_CrossGatedDCNHead,hybrid_cross_gated_dcn,-1.8393146991729736,0.0019352566998426333,0.5962642629941305,3
cbc,13,BeamK30_ResidualMLP,labelled_residual,-1.5104289849599202,0.0033331879189462,0.6430752674738566,3
cbc,4,BeamK30_ResidualMLP,labelled_residual,-1.3657060464223225,0.0017615621606976,0.6585245728492737,3
cbc,4,Hybrid_BeamK30_SSL_CrossGatedNAMHead,hybrid_cross_gated_nam,-0.9299731651941935,0.0015959957565715667,0.7226103742917379,3
cbc,15,Hybrid_BeamK30_SSL_CrossGatedFusion,hybrid_cross_gated_mlp,-0.07040139039357501,0.004408489918112699,1.012463907400767,3
cbc,15,Hybrid_BeamK30_SSL_CrossGatedDCNHead,hybrid_cross_gated_dcn,0.10184423128763832,0.0040363285226445,1.1016396880149841,3
cbc,15,BeamK30_ResidualMLP,labelled_residual,0.1509567896525065,0.003920825362294233,1.1366961002349854,3
cbc,37,Hybrid_BeamK30_SSL_CrossGatedFusion,hybrid_cross_gated_mlp,0.24106828371683756,0.005699240236370967,1.1546703577041626,3
cbc,15,Hybrid_BeamK30_SSL_CrossGatedNAMHead,hybrid_cross_gated_nam,0.2868453462918599,0.003641966576323067,1.1937683820724487,3
cbc,37,Hybrid_BeamK30_SSL_CrossGatedDCNHead,hybrid_cross_gated_dcn,0.35887159903844196,0.005228303732499266,1.2638214031855266,3
cbc,37,BeamK30_ResidualMLP,labelled_residual,0.37957356373469037,0.005153259487617066,1.2768841981887817,3
cbc,37,Hybrid_BeamK30_SSL_CrossGatedNAMHead,hybrid_cross_gated_nam,0.3961235483487447,0.0050860141142439665,1.2926815350850422,3
cbc,35,BeamK30_ResidualMLP,labelled_residual,0.405293345451355,0.0030827663252072333,1.3201592763264973,3
cbc,35,Hybrid_BeamK30_SSL_CrossGatedNAMHead,hybrid_cross_gated_nam,0.46333489815394086,0.0029412717966852335,1.3705929517745972,3
cbc,35,Hybrid_BeamK30_SSL_CrossGatedDCNHead,hybrid_cross_gated_dcn,0.4813102086385091,0.0028776727127995338,1.4158010482788086,3
cbc,35,Hybrid_BeamK30_SSL_CrossGatedFusion,hybrid_cross_gated_mlp,0.5152517358462015,0.002795314480093267,1.4422386089960735,3
cm,13,Hybrid_BeamK30_SSL_CrossGatedFusion,hybrid_cross_gated_mlp,-3.3175973892211914,0.004754711660525434,0.5110620061556498,3
cm,13,Hybrid_BeamK30_SSL_CrossGatedNAMHead,hybrid_cross_gated_nam,-3.2290406227111816,0.0047932742427388335,0.49056076010068256,3
cm,13,Hybrid_BeamK30_SSL_CrossGatedDCNHead,hybrid_cross_gated_dcn,-2.9053773880004883,0.004609453154893,0.5092320044835409,3
cm,13,BeamK30_ResidualMLP,labelled_residual,-1.7422329584757488,0.003857103268646,0.6102445125579834,3
cm,2,Hybrid_BeamK30_SSL_CrossGatedDCNHead,hybrid_cross_gated_dcn,-1.2127374410629272,0.002458143303343433,0.6806224584579468,3
cm,2,Hybrid_BeamK30_SSL_CrossGatedNAMHead,hybrid_cross_gated_nam,-0.9298624595006307,0.0023031092972221334,0.7216702500979105,3
cm,2,Hybrid_BeamK30_SSL_CrossGatedFusion,hybrid_cross_gated_mlp,-0.8782119750976562,0.0022719330799904,0.7316526969273885,3
cm,2,BeamK30_ResidualMLP,labelled_residual,-0.7772839466730753,0.0022094224501317,0.7527679403622946,3
cm,37,Hybrid_BeamK30_SSL_CrossGatedDCNHead,hybrid_cross_gated_dcn,0.37150508165359497,0.005398584102108033,1.2680730024973552,3
cm,37,Hybrid_BeamK30_SSL_CrossGatedFusion,hybrid_cross_gated_mlp,0.386780579884847,0.0053330479004041,1.283505876859029,3
cm,37,BeamK30_ResidualMLP,labelled_residual,0.4023645917574565,0.005266128904687133,1.2991544802983601,3
cm,37,Hybrid_BeamK30_SSL_CrossGatedNAMHead,hybrid_cross_gated_nam,0.41028352578481037,0.005226176633502333,1.311562140782674,3
cm,12,Hybrid_BeamK30_SSL_CrossGatedFusion,hybrid_cross_gated_mlp,0.4706167976061503,0.0032183325880696997,1.3961697419484456,3
cm,12,Hybrid_BeamK30_SSL_CrossGatedDCNHead,hybrid_cross_gated_dcn,0.5076157848040262,0.003107221286627767,1.4440524180730183,3
cm,12,Hybrid_BeamK30_SSL_CrossGatedNAMHead,hybrid_cross_gated_nam,0.514596422513326,0.003084983802909133,1.4544439713160198,3
cm,12,BeamK30_ResidualMLP,labelled_residual,0.558589239915212,0.0029474514210376334,1.5163455406824748,3
cm,15,Hybrid_BeamK30_SSL_CrossGatedFusion,hybrid_cross_gated_mlp,0.627568781375885,0.0027228216206577668,1.664848526318868,3
cm,15,BeamK30_ResidualMLP,labelled_residual,0.6336249709129333,0.0027089528958784332,1.6625641187032063,3
cm,15,Hybrid_BeamK30_SSL_CrossGatedDCNHead,hybrid_cross_gated_dcn,0.645754317442576,0.002655291257076267,1.7073418299357097,3
cm,15,Hybrid_BeamK30_SSL_CrossGatedNAMHead,hybrid_cross_gated_nam,0.6587131222089132,0.0026183892417607664,1.7152190208435059,3
cp,13,Hybrid_BeamK30_SSL_CrossGatedDCNHead,hybrid_cross_gated_dcn,-1.6086058616638184,0.00039801674964150003,0.6230006814002991,3
cp,15,Hybrid_BeamK30_SSL_CrossGatedFusion,hybrid_cross_gated_mlp,-1.577152172724406,0.0003483421534839334,0.6241282025973002,3
cp,13,Hybrid_BeamK30_SSL_CrossGatedFusion,hybrid_cross_gated_mlp,-1.4478285710016887,0.0003830183128053667,0.6565642754236857,3
cp,13,Hybrid_BeamK30_SSL_CrossGatedNAMHead,hybrid_cross_gated_nam,-1.424309253692627,0.00038362457943446666,0.6466473937034607,3
cp,15,Hybrid_BeamK30_SSL_CrossGatedDCNHead,hybrid_cross_gated_dcn,-1.3547656536102295,0.00033229211454013333,0.6570892333984375,3
cp,13,BeamK30_ResidualMLP,labelled_residual,-1.3408690293629963,0.00037749312666143336,0.6552963654200236,3
cp,15,BeamK30_ResidualMLP,labelled_residual,-0.954934318860372,0.00030217342802573333,0.7250021696090698,3
cp,15,Hybrid_BeamK30_SSL_CrossGatedNAMHead,hybrid_cross_gated_nam,-0.9303784370422363,0.0003014475645844667,0.7213728229204813,3
cp,4,Hybrid_BeamK30_SSL_CrossGatedDCNHead,hybrid_cross_gated_dcn,-0.33539756139119464,0.00016646853131369998,0.8797993262608846,3
cp,4,BeamK30_ResidualMLP,labelled_residual,-0.24540197849273682,0.00016142901261846667,0.8999822934468588,3
cp,4,Hybrid_BeamK30_SSL_CrossGatedFusion,hybrid_cross_gated_mlp,-0.08179070552190144,0.0001503034142987,0.9684430162111918,3
cp,4,Hybrid_BeamK30_SSL_CrossGatedNAMHead,hybrid_cross_gated_nam,0.05890297889709467,0.00014036584040563334,1.0344491799672444,3
cp,37,Hybrid_BeamK30_SSL_CrossGatedDCNHead,hybrid_cross_gated_dcn,0.21648889780044547,0.000333933426478,1.1341391404469807,3
cp,37,Hybrid_BeamK30_SSL_CrossGatedFusion,hybrid_cross_gated_mlp,0.2330225507418314,0.0003304447119988,1.1457388798395793,3
cp,37,BeamK30_ResidualMLP,labelled_residual,0.24325031042099,0.000328241621871,1.1533783674240112,3
cp,37,Hybrid_BeamK30_SSL_CrossGatedNAMHead,hybrid_cross_gated_nam,0.2549449801445007,0.00032560191069316667,1.1634234587351482,3
cp,35,Hybrid_BeamK30_SSL_CrossGatedDCNHead,hybrid_cross_gated_dcn,0.3561716675758362,0.00030801712068713336,1.2606218258539836,3
cp,35,Hybrid_BeamK30_SSL_CrossGatedFusion,hybrid_cross_gated_mlp,0.3638368844985962,0.0003069880191855333,1.2584271828333538,3
cp,35,BeamK30_ResidualMLP,labelled_residual,0.42479320367177326,0.00029191074181943334,1.3234216372172039,3
cp,35,Hybrid_BeamK30_SSL_CrossGatedNAMHead,hybrid_cross_gated_nam,0.45958393812179565,0.00028299776446723333,1.3646032015482585,3
cw,4,Hybrid_BeamK30_SSL_CrossGatedDCNHead,hybrid_cross_gated_dcn,-5.797072569529216,0.0064831666746612004,0.384904404481252,3
cw,4,BeamK30_ResidualMLP,labelled_residual,-4.284243901570638,0.005707387983796368,0.4385405977567037,3
cw,4,Hybrid_BeamK30_SSL_CrossGatedFusion,hybrid_cross_gated_mlp,-3.913606325785319,0.0055099549213684,0.4532543520132701,3
cw,4,Hybrid_BeamK30_SSL_CrossGatedNAMHead,hybrid_cross_gated_nam,-3.4299446741739907,0.00523408122831,0.47672579685846955,3
cw,2,Hybrid_BeamK30_SSL_CrossGatedDCNHead,hybrid_cross_gated_dcn,-0.5735701322555542,0.0062912155330336,0.8002276221911112,3
cw,2,Hybrid_BeamK30_SSL_CrossGatedFusion,hybrid_cross_gated_mlp,-0.5073330402374268,0.0061588686470767,0.8169758717219034,3
cw,2,BeamK30_ResidualMLP,labelled_residual,-0.40267491340637207,0.005908883480218533,0.8605147401491801,3
cw,2,Hybrid_BeamK30_SSL_CrossGatedNAMHead,hybrid_cross_gated_nam,-0.35785595575968426,0.005846887380046534,0.86019366979599,3
cw,47,BeamK30_ResidualMLP,labelled_residual,-0.07611511150995891,0.0074324041265449335,0.9706849257151285,3
cw,47,Hybrid_BeamK30_SSL_CrossGatedDCNHead,hybrid_cross_gated_dcn,0.027334809303283653,0.007027354604382967,1.037624756495158,3
cw,47,Hybrid_BeamK30_SSL_CrossGatedNAMHead,hybrid_cross_gated_nam,0.027665754159291567,0.007065000308260567,1.0212383270263672,3
cw,47,Hybrid_BeamK30_SSL_CrossGatedFusion,hybrid_cross_gated_mlp,0.13135079542795813,0.006673401031264833,1.0826443433761597,3
cw,35,Hybrid_BeamK30_SSL_CrossGatedDCNHead,hybrid_cross_gated_dcn,0.17896433671315512,0.005137510520016167,1.1137021382649739,3
cw,13,BeamK30_ResidualMLP,labelled_residual,0.23457380135854086,0.010443209008685067,1.1454700231552124,3
cw,13,Hybrid_BeamK30_SSL_CrossGatedFusion,hybrid_cross_gated_mlp,0.24259108304977414,0.0103877393286783,1.1517186164855957,3
cw,13,Hybrid_BeamK30_SSL_CrossGatedNAMHead,hybrid_cross_gated_nam,0.255837361017863,0.010292231475338766,1.1633549133936565,3
cw,13,Hybrid_BeamK30_SSL_CrossGatedDCNHead,hybrid_cross_gated_dcn,0.2844732602437337,0.0100942488854608,1.185744047164917,3
cw,35,Hybrid_BeamK30_SSL_CrossGatedFusion,hybrid_cross_gated_mlp,0.3118523160616557,0.004712368090564733,1.209526817003886,3
cw,35,Hybrid_BeamK30_SSL_CrossGatedNAMHead,hybrid_cross_gated_nam,0.32192871967951453,0.004670399187388934,1.2241429487864177,3
cw,35,BeamK30_ResidualMLP,labelled_residual,0.36004944642384845,0.004534788249597,1.2619775931040447,3
