target,budget,variant,selected_wavelengths,effective_channels,used_channel_centers_nm,note
cab,20,raw_nm,"1350,424,547,817,739,882,841,649,683,954,1129,1459,1264,1198,641,618,1170,716,697,611",20,"1350,424,547,817,739,882,841,649,683,954,1129,1459,1264,1198,641,618,1170,716,697,611",raw selected 1 nm samples
cab,20,gaussian_fwhm10,"1350,424,547,817,739,882,841,649,683,954,1129,1459,1264,1198,641,618,1170,716,697,611",20,"1350,424,547,817,739,882,841,649,683,954,1129,1459,1264,1198,641,618,1170,716,697,611","10 nm FWHM, 30 overlapping filters"
cab,20,gaussian_fwhm20,"1350,424,547,817,739,882,841,649,683,954,1129,1459,1264,1198,641,618,1170,716,697,611",20,"1350,424,547,817,739,882,841,649,683,954,1129,1459,1264,1198,641,618,1170,716,697,611","20 nm FWHM, 30 overlapping filters"
cab,20,merged_gaussian_fwhm10,"1350,424,547,817,739,882,841,649,683,954,1129,1459,1264,1198,641,618,1170,716,697,611",18,"424,547,614,645,683,697,716,739,817,841,882,954,1129,1170,1198,1264,1350,1459","10 nm FWHM, centers within 10 nm merged | 424;547;611,618;641,649;683;697;716;739;817;841;882;954;1129;1170;1198;1264;1350;1459"
cab,20,merged_gaussian_fwhm20,"1350,424,547,817,739,882,841,649,683,954,1129,1459,1264,1198,641,618,1170,716,697,611",16,"424,547,614,645,699,739,817,841,882,954,1129,1170,1198,1264,1350,1459","20 nm FWHM, centers within 20 nm merged | 424;547;611,618;641,649;683,697,716;739;817;841;882;954;1129;1170;1198;1264;1350;1459"
cw,20,raw_nm,"1597,539,585,1545,1106,1184,1297,980,1697,1434,1591,1705,1289,937,1602,1609,1664,1652,1668,1642",20,"1597,539,585,1545,1106,1184,1297,980,1697,1434,1591,1705,1289,937,1602,1609,1664,1652,1668,1642",raw selected 1 nm samples
cw,20,gaussian_fwhm10,"1597,539,585,1545,1106,1184,1297,980,1697,1434,1591,1705,1289,937,1602,1609,1664,1652,1668,1642",20,"1597,539,585,1545,1106,1184,1297,980,1697,1434,1591,1705,1289,937,1602,1609,1664,1652,1668,1642","10 nm FWHM, 30 overlapping filters"
cw,20,gaussian_fwhm20,"1597,539,585,1545,1106,1184,1297,980,1697,1434,1591,1705,1289,937,1602,1609,1664,1652,1668,1642",20,"1597,539,585,1545,1106,1184,1297,980,1697,1434,1591,1705,1289,937,1602,1609,1664,1652,1668,1642","20 nm FWHM, 30 overlapping filters"
cw,20,merged_gaussian_fwhm10,"1597,539,585,1545,1106,1184,1297,980,1697,1434,1591,1705,1289,937,1602,1609,1664,1652,1668,1642",13,"539,585,937,980,1106,1184,1293,1434,1545,1600,1647,1666,1701","10 nm FWHM, centers within 10 nm merged | 539;585;937;980;1106;1184;1289,1297;1434;1545;1591,1597,1602,1609;1642,1652;1664,1668;1697,1705"
cw,20,merged_gaussian_fwhm20,"1597,539,585,1545,1106,1184,1297,980,1697,1434,1591,1705,1289,937,1602,1609,1664,1652,1668,1642",12,"539,585,937,980,1106,1184,1293,1434,1545,1600,1656,1701","20 nm FWHM, centers within 20 nm merged | 539;585;937;980;1106;1184;1289,1297;1434;1545;1591,1597,1602,1609;1642,1652,1664,1668;1697,1705"
cm,20,raw_nm,"1715,1559,1300,1574,992,510,660,1081,1738,1728,1332,987,1647,1693,1734,1667,699,484,2168,2166",20,"1715,1559,1300,1574,992,510,660,1081,1738,1728,1332,987,1647,1693,1734,1667,699,484,2168,2166",raw selected 1 nm samples
cm,20,gaussian_fwhm10,"1715,1559,1300,1574,992,510,660,1081,1738,1728,1332,987,1647,1693,1734,1667,699,484,2168,2166",20,"1715,1559,1300,1574,992,510,660,1081,1738,1728,1332,987,1647,1693,1734,1667,699,484,2168,2166","10 nm FWHM, 30 overlapping filters"
cm,20,gaussian_fwhm20,"1715,1559,1300,1574,992,510,660,1081,1738,1728,1332,987,1647,1693,1734,1667,699,484,2168,2166",20,"1715,1559,1300,1574,992,510,660,1081,1738,1728,1332,987,1647,1693,1734,1667,699,484,2168,2166","20 nm FWHM, 30 overlapping filters"
cm,20,merged_gaussian_fwhm10,"1715,1559,1300,1574,992,510,660,1081,1738,1728,1332,987,1647,1693,1734,1667,699,484,2168,2166",16,"484,510,660,699,990,1081,1300,1332,1559,1574,1647,1667,1693,1715,1733,2167","10 nm FWHM, centers within 10 nm merged | 484;510;660;699;987,992;1081;1300;1332;1559;1574;1647;1667;1693;1715;1728,1734,1738;2166,2168"
cm,20,merged_gaussian_fwhm20,"1715,1559,1300,1574,992,510,660,1081,1738,1728,1332,987,1647,1693,1734,1667,699,484,2168,2166",13,"484,510,660,699,990,1081,1300,1332,1566,1657,1693,1729,2167","20 nm FWHM, centers within 20 nm merged | 484;510;660;699;987,992;1081;1300;1332;1559,1574;1647,1667;1693;1715,1728,1734,1738;2166,2168"
LAI,20,raw_nm,"2055,1066,746,1730,1340,1324,1601,1054,1222,990,681,649,653,606,666,651,705,663,531,654",20,"2055,1066,746,1730,1340,1324,1601,1054,1222,990,681,649,653,606,666,651,705,663,531,654",raw selected 1 nm samples
LAI,20,gaussian_fwhm10,"2055,1066,746,1730,1340,1324,1601,1054,1222,990,681,649,653,606,666,651,705,663,531,654",20,"2055,1066,746,1730,1340,1324,1601,1054,1222,990,681,649,653,606,666,651,705,663,531,654","10 nm FWHM, 30 overlapping filters"
LAI,20,gaussian_fwhm20,"2055,1066,746,1730,1340,1324,1601,1054,1222,990,681,649,653,606,666,651,705,663,531,654",20,"2055,1066,746,1730,1340,1324,1601,1054,1222,990,681,649,653,606,666,651,705,663,531,654","20 nm FWHM, 30 overlapping filters"
LAI,20,merged_gaussian_fwhm10,"2055,1066,746,1730,1340,1324,1601,1054,1222,990,681,649,653,606,666,651,705,663,531,654",15,"531,606,656,681,705,746,990,1054,1066,1222,1324,1340,1601,1730,2055","10 nm FWHM, centers within 10 nm merged | 531;606;649,651,653,654,663,666;681;705;746;990;1054;1066;1222;1324;1340;1601;1730;2055"
LAI,20,merged_gaussian_fwhm20,"2055,1066,746,1730,1340,1324,1601,1054,1222,990,681,649,653,606,666,651,705,663,531,654",12,"531,606,660,705,746,990,1060,1222,1332,1601,1730,2055","20 nm FWHM, centers within 20 nm merged | 531;606;649,651,653,654,663,666,681;705;746;990;1054,1066;1222;1324,1340;1601;1730;2055"
cp,20,raw_nm,"556,533,1736,1275,1226,1768,721,1542,1767,679,544,793,1573,656,1664,1041,1241,1211,616,485",20,"556,533,1736,1275,1226,1768,721,1542,1767,679,544,793,1573,656,1664,1041,1241,1211,616,485",raw selected 1 nm samples
cp,20,gaussian_fwhm10,"556,533,1736,1275,1226,1768,721,1542,1767,679,544,793,1573,656,1664,1041,1241,1211,616,485",20,"556,533,1736,1275,1226,1768,721,1542,1767,679,544,793,1573,656,1664,1041,1241,1211,616,485","10 nm FWHM, 30 overlapping filters"
cp,20,gaussian_fwhm20,"556,533,1736,1275,1226,1768,721,1542,1767,679,544,793,1573,656,1664,1041,1241,1211,616,485",20,"556,533,1736,1275,1226,1768,721,1542,1767,679,544,793,1573,656,1664,1041,1241,1211,616,485","20 nm FWHM, 30 overlapping filters"
cp,20,merged_gaussian_fwhm10,"556,533,1736,1275,1226,1768,721,1542,1767,679,544,793,1573,656,1664,1041,1241,1211,616,485",19,"485,533,544,556,616,656,679,721,793,1041,1211,1226,1241,1275,1542,1573,1664,1736,1768","10 nm FWHM, centers within 10 nm merged | 485;533;544;556;616;656;679;721;793;1041;1211;1226;1241;1275;1542;1573;1664;1736;1767,1768"
cp,20,merged_gaussian_fwhm20,"556,533,1736,1275,1226,1768,721,1542,1767,679,544,793,1573,656,1664,1041,1241,1211,616,485",15,"485,544,616,656,679,721,793,1041,1226,1275,1542,1573,1664,1736,1768","20 nm FWHM, centers within 20 nm merged | 485;533,544,556;616;656;679;721;793;1041;1211,1226,1241;1275;1542;1573;1664;1736;1767,1768"
cbc,20,raw_nm,"1706,1536,1271,1007,1090,709,1264,1331,1796,669,487,526,1581,1618,1736,1443,646,1104,572,525",20,"1706,1536,1271,1007,1090,709,1264,1331,1796,669,487,526,1581,1618,1736,1443,646,1104,572,525",raw selected 1 nm samples
cbc,20,gaussian_fwhm10,"1706,1536,1271,1007,1090,709,1264,1331,1796,669,487,526,1581,1618,1736,1443,646,1104,572,525",20,"1706,1536,1271,1007,1090,709,1264,1331,1796,669,487,526,1581,1618,1736,1443,646,1104,572,525","10 nm FWHM, 30 overlapping filters"
cbc,20,gaussian_fwhm20,"1706,1536,1271,1007,1090,709,1264,1331,1796,669,487,526,1581,1618,1736,1443,646,1104,572,525",20,"1706,1536,1271,1007,1090,709,1264,1331,1796,669,487,526,1581,1618,1736,1443,646,1104,572,525","20 nm FWHM, 30 overlapping filters"
cbc,20,merged_gaussian_fwhm10,"1706,1536,1271,1007,1090,709,1264,1331,1796,669,487,526,1581,1618,1736,1443,646,1104,572,525",18,"487,526,572,646,669,709,1007,1090,1104,1268,1331,1443,1536,1581,1618,1706,1736,1796","10 nm FWHM, centers within 10 nm merged | 487;525,526;572;646;669;709;1007;1090;1104;1264,1271;1331;1443;1536;1581;1618;1706;1736;1796"
cbc,20,merged_gaussian_fwhm20,"1706,1536,1271,1007,1090,709,1264,1331,1796,669,487,526,1581,1618,1736,1443,646,1104,572,525",17,"487,526,572,646,669,709,1007,1097,1268,1331,1443,1536,1581,1618,1706,1736,1796","20 nm FWHM, centers within 20 nm merged | 487;525,526;572;646;669;709;1007;1090,1104;1264,1271;1331;1443;1536;1581;1618;1706;1736;1796"
car,20,raw_nm,"1431,440,568,400,446,439,486,1291,704,909,675,1225,1033,1275,1078,607,600,677,596,456",20,"1431,440,568,400,446,439,486,1291,704,909,675,1225,1033,1275,1078,607,600,677,596,456",raw selected 1 nm samples
car,20,gaussian_fwhm10,"1431,440,568,400,446,439,486,1291,704,909,675,1225,1033,1275,1078,607,600,677,596,456",20,"1431,440,568,400,446,439,486,1291,704,909,675,1225,1033,1275,1078,607,600,677,596,456","10 nm FWHM, 30 overlapping filters"
car,20,gaussian_fwhm20,"1431,440,568,400,446,439,486,1291,704,909,675,1225,1033,1275,1078,607,600,677,596,456",20,"1431,440,568,400,446,439,486,1291,704,909,675,1225,1033,1275,1078,607,600,677,596,456","20 nm FWHM, 30 overlapping filters"
car,20,merged_gaussian_fwhm10,"1431,440,568,400,446,439,486,1291,704,909,675,1225,1033,1275,1078,607,600,677,596,456",14,"400,445,486,568,601,676,704,909,1033,1078,1225,1275,1291,1431","10 nm FWHM, centers within 10 nm merged | 400;439,440,446,456;486;568;596,600,607;675,677;704;909;1033;1078;1225;1275;1291;1431"
car,20,merged_gaussian_fwhm20,"1431,440,568,400,446,439,486,1291,704,909,675,1225,1033,1275,1078,607,600,677,596,456",13,"400,445,486,568,601,676,704,909,1033,1078,1225,1283,1431","20 nm FWHM, centers within 20 nm merged | 400;439,440,446,456;486;568;596,600,607;675,677;704;909;1033;1078;1225;1275,1291;1431"
anth,20,raw_nm,"592,486,1348,1471,552,1297,695,676,512,561,1138,972,525,721,655,767,1463,1469,694,675",20,"592,486,1348,1471,552,1297,695,676,512,561,1138,972,525,721,655,767,1463,1469,694,675",raw selected 1 nm samples
anth,20,gaussian_fwhm10,"592,486,1348,1471,552,1297,695,676,512,561,1138,972,525,721,655,767,1463,1469,694,675",20,"592,486,1348,1471,552,1297,695,676,512,561,1138,972,525,721,655,767,1463,1469,694,675","10 nm FWHM, 30 overlapping filters"
anth,20,gaussian_fwhm20,"592,486,1348,1471,552,1297,695,676,512,561,1138,972,525,721,655,767,1463,1469,694,675",20,"592,486,1348,1471,552,1297,695,676,512,561,1138,972,525,721,655,767,1463,1469,694,675","20 nm FWHM, 30 overlapping filters"
anth,20,merged_gaussian_fwhm10,"592,486,1348,1471,552,1297,695,676,512,561,1138,972,525,721,655,767,1463,1469,694,675",15,"486,512,525,556,592,655,676,694,721,767,972,1138,1297,1348,1468","10 nm FWHM, centers within 10 nm merged | 486;512;525;552,561;592;655;675,676;694,695;721;767;972;1138;1297;1348;1463,1469,1471"
anth,20,merged_gaussian_fwhm20,"592,486,1348,1471,552,1297,695,676,512,561,1138,972,525,721,655,767,1463,1469,694,675",12,"486,518,556,592,679,721,767,972,1138,1297,1348,1468","20 nm FWHM, centers within 20 nm merged | 486;512,525;552,561;592;655,675,676,694,695;721;767;972;1138;1297;1348;1463,1469,1471"
